image_id,provider,split,level,x0,y0,tissue_fraction_lr,tumor_fraction_lr,category_lr
0535f33b47de82de3b506799149e3a53,karolinska,train,0,16128,29184,0.94921875,0.0,normal
0535f33b47de82de3b506799149e3a53,karolinska,train,0,15488,27904,0.7978515625,0.0,normal
0535f33b47de82de3b506799149e3a53,karolinska,train,0,15232,25216,0.8671875,0.0,normal
0535f33b47de82de3b506799149e3a53,karolinska,train,0,16256,15360,0.0966796875,0.0,normal
0535f33b47de82de3b506799149e3a53,karolinska,train,0,15488,25344,1.0,0.0,normal
0535f33b47de82de3b506799149e3a53,karolinska,train,0,15232,20736,0.7431640625,0.0,normal
0535f33b47de82de3b506799149e3a53,karolinska,train,0,15616,28032,0.7578125,0.0,normal
0535f33b47de82de3b506799149e3a53,karolinska,train,0,15616,27008,0.7841796875,0.0,normal
0535f33b47de82de3b506799149e3a53,karolinska,train,0,16384,30592,0.76953125,0.0,normal
0535f33b47de82de3b506799149e3a53,karolinska,train,0,15488,19200,0.404296875,0.0,normal
0535f33b47de82de3b506799149e3a53,karolinska,train,0,16512,29440,0.841796875,0.0,normal
0535f33b47de82de3b506799149e3a53,karolinska,train,0,14720,17920,0.169921875,0.0,normal
0535f33b47de82de3b506799149e3a53,karolinska,train,0,15104,21504,0.7861328125,0.0,normal
0535f33b47de82de3b506799149e3a53,karolinska,train,0,15104,24832,0.5791015625,0.0,normal
0535f33b47de82de3b506799149e3a53,karolinska,train,0,15616,24448,0.4150390625,0.0,normal
0535f33b47de82de3b506799149e3a53,karolinska,train,0,15872,28672,0.99609375,0.0,normal
0535f33b47de82de3b506799149e3a53,karolinska,train,0,15872,27392,0.912109375,0.0,normal
0535f33b47de82de3b506799149e3a53,karolinska,train,0,14976,20352,0.6630859375,0.0,normal
0535f33b47de82de3b506799149e3a53,karolinska,train,0,17152,29312,0.0634765625,0.0,normal
0535f33b47de82de3b506799149e3a53,karolinska,train,0,16384,28672,1.0,0.0,normal
0535f33b47de82de3b506799149e3a53,karolinska,train,0,14848,19712,0.435546875,0.0,normal
0535f33b47de82de3b506799149e3a53,karolinska,train,0,15360,26240,0.7587890625,0.0,normal
0535f33b47de82de3b506799149e3a53,karolinska,train,0,15488,25088,0.9970703125,0.0,normal
0535f33b47de82de3b506799149e3a53,karolinska,train,0,14848,19840,0.4130859375,0.0,normal
0535f33b47de82de3b506799149e3a53,karolinska,train,0,16000,15232,0.49609375,0.0,normal
0535f33b47de82de3b506799149e3a53,karolinska,train,0,16256,30592,0.8408203125,0.0,normal
0535f33b47de82de3b506799149e3a53,karolinska,train,0,15616,18304,0.1201171875,0.0,normal
0535f33b47de82de3b506799149e3a53,karolinska,train,0,15360,17152,0.771484375,0.0,normal
0535f33b47de82de3b506799149e3a53,karolinska,train,0,15104,17408,0.50390625,0.0,normal
0535f33b47de82de3b506799149e3a53,karolinska,train,0,15104,16384,0.0830078125,0.0,normal
0535f33b47de82de3b506799149e3a53,karolinska,train,0,15104,23168,0.5107421875,0.0,normal
0535f33b47de82de3b506799149e3a53,karolinska,train,0,16768,29568,0.7578125,0.0,normal
0535f33b47de82de3b506799149e3a53,karolinska,train,0,18944,7296,0.580078125,0.6318359375,tumor
0535f33b47de82de3b506799149e3a53,karolinska,train,0,17792,10112,0.5703125,0.609375,tumor
0535f33b47de82de3b506799149e3a53,karolinska,train,0,18688,6528,0.7294921875,0.953125,tumor
0535f33b47de82de3b506799149e3a53,karolinska,train,0,18944,7808,0.087890625,0.1630859375,tumor
0535f33b47de82de3b506799149e3a53,karolinska,train,0,18048,7168,0.4296875,0.58984375,tumor
0535f33b47de82de3b506799149e3a53,karolinska,train,0,19456,3328,0.787109375,0.869140625,tumor
0535f33b47de82de3b506799149e3a53,karolinska,train,0,16512,12800,0.0986328125,0.537109375,tumor
0535f33b47de82de3b506799149e3a53,karolinska,train,0,19072,6528,0.4248046875,0.380859375,tumor
0535f33b47de82de3b506799149e3a53,karolinska,train,0,20224,3968,0.1171875,0.298828125,tumor
0535f33b47de82de3b506799149e3a53,karolinska,train,0,17792,7424,0.08203125,0.177734375,tumor
0535f33b47de82de3b506799149e3a53,karolinska,train,0,19456,3584,0.9111328125,0.98828125,tumor
0535f33b47de82de3b506799149e3a53,karolinska,train,0,20224,4096,0.0458984375,0.224609375,tumor
0535f33b47de82de3b506799149e3a53,karolinska,train,0,19968,3840,0.65625,0.8193359375,tumor
0535f33b47de82de3b506799149e3a53,karolinska,train,0,18688,7552,0.78515625,0.90625,tumor
0535f33b47de82de3b506799149e3a53,karolinska,train,0,18944,6400,0.7412109375,0.494140625,tumor
0535f33b47de82de3b506799149e3a53,karolinska,train,0,19712,3840,0.9609375,0.95703125,tumor
0535f33b47de82de3b506799149e3a53,karolinska,train,0,18560,6912,0.98828125,1.0,tumor
0535f33b47de82de3b506799149e3a53,karolinska,train,0,18816,7296,0.830078125,0.869140625,tumor
0535f33b47de82de3b506799149e3a53,karolinska,train,0,20224,3200,0.5087890625,0.7353515625,tumor
0535f33b47de82de3b506799149e3a53,karolinska,train,0,19200,3328,0.287109375,0.3994140625,tumor
0535f33b47de82de3b506799149e3a53,karolinska,train,0,17280,12160,0.724609375,0.9013671875,tumor
0535f33b47de82de3b506799149e3a53,karolinska,train,0,16640,12928,0.1005859375,0.76953125,tumor
0535f33b47de82de3b506799149e3a53,karolinska,train,0,18048,6912,0.2314453125,0.3349609375,tumor
0535f33b47de82de3b506799149e3a53,karolinska,train,0,20224,3712,0.2822265625,0.3564453125,tumor
0535f33b47de82de3b506799149e3a53,karolinska,train,0,18304,7808,0.9267578125,1.0,tumor
0535f33b47de82de3b506799149e3a53,karolinska,train,0,19840,2816,1.0,1.0,tumor
0535f33b47de82de3b506799149e3a53,karolinska,train,0,17536,8704,0.306640625,0.455078125,tumor
0535f33b47de82de3b506799149e3a53,karolinska,train,0,18944,6912,0.4951171875,0.587890625,tumor
0535f33b47de82de3b506799149e3a53,karolinska,train,0,19584,2560,0.5908203125,1.0,tumor
0535f33b47de82de3b506799149e3a53,karolinska,train,0,20224,2944,0.708984375,0.7890625,tumor
0535f33b47de82de3b506799149e3a53,karolinska,train,0,20096,3072,0.8388671875,0.9326171875,tumor
0535f33b47de82de3b506799149e3a53,karolinska,train,0,20608,1536,0.650390625,0.4443359375,tumor
